"type","author","body","score","created_utc","id","parent_id"
"post","theHawasian15","Hey Y'all,   I've been in the fence of getting back into PC Gaming for quite a while now. Just about ready to pull the trigger, but I have some CPU questions...   It sounds like Intel may have dropped the ball with Arrow Lake when it comes to gaming. I had been holding out to get the latest chip set, but the more I think about it, is it really worth getting a less performant CPU now when I could get an Intel Core i9-13900K now and upgrade the processor and MoBo in the event Intel drops a Z890 compatible CPU worth getting.   That said, I'm also open to AMD, I'm just not as familiar with them. It sounds like they'll be dropping the X3D chips in a few weeks. The can of worms there though is that Microcenter has what looks like a pretty sweet AMD Ryzen 9 7950X3D, MSI X670E MAG Tomahawk WiFi, G.Skill Flare X5 Series 32GB DDR5 6000 for $730. I'm also wondering about the chip set there? Would I be again be buying something on the cusp of obsolescence?",96,2024-10-24 14:58:07,"1gb4mk9",NA
"comment","rizzzeh","&gt;getting back into PC Gaming  then look for gaming CPUs. All the CPUs you mentioned are workstation grade parts.   I'd look for Ryzen 7500f/7600/7800x3D. On Intel side - 12400f/12600KF",113,2024-10-24 15:07:18,"ltiuezs","t3_1gb4mk9"
"comment","SuchSpecialist2917","But them take the 7600 or 7800x3d from AMD, since the 12th and 13th gen intel don't have an upgrade path anymore. Yeah 14th gen but that's the same.as 13th. AM5 socket from AMD will be supported for years.",45,2024-10-24 15:17:41,"ltiwg2y","t1_ltiuezs"
"comment","Appropriate_Earth665","What upgrade path do you need if 12/13th gen cpu will hold its own for the next several years? I was using a I7-2600k up until last year and now kids use it to play fortnite and Minecraft...",14,2024-10-24 16:12:06,"ltj7bq4","t1_ltiwg2y"
"comment","talalit","lol I'm tired of people talking about upgrade path as a reason to pick what platform to build. I build every 4/5 years and by that time the new platform would have be out already.  my last build was a r5 3600 with rtx 2070s in 2020,  just built a new pc a couple month ago with i7 14700k and 4080s  updrade path might be a reason for people with budget but buddy is looking at i9 13900k and 7800x3d he doesnt need an upgrade path for a few year and amd and intel would have a new platform by then",31,2024-10-24 17:14:05,"ltjjufy","t1_ltj7bq4"
"comment","Nobli85","AM4 has had 8 years of support and products released to date. Upgrade path IS relevant here because you can stay on the same socket and quadruple your performance (for example; Ryzen 1600 to Ryzen 5800X3D).   I stayed on my  one and only AM4 motherboard through 3 different CPU upgrades every couple of years. I didn't even go with the highest end parts, was just a nice gen on gen improvement and I was able to sell my prior CPU each time. Cost very little and I always had close to the best gaming performance at the time. There's a lot of value in that.",20,2024-10-24 23:27:09,"ltljbkk","t1_ltjjufy"
"comment","97hummer","The ryzen 1600 to the 5800x3d is the exact upgrade I did in my pc. Motherboards aren‚Äôt cheap and would have made that upgrade unaffordable for me.",9,2024-10-25 04:02:23,"ltmr057","t1_ltljbkk"
"comment","Practical_Diet1012","I was planning to just upgrade to the 5800x3d till my dad kinda forced me to build a new computer",3,2024-10-25 04:55:23,"ltmxi5k","t1_ltljbkk"
"comment","IbrahimHaider","I concur - did the exact same thing after moving to AM4",2,2024-10-25 15:47:10,"ltp84dj","t1_ltljbkk"
"comment","psychocopter","Another thing is you can upgrade to older parts, if someone has a 3600x and wants a cheaper upgrade for their system they can get a 5800x3d and that will save them the cost of a new mb and ram. Even though the 7000 series is out its not like you need the latest and greatest every time you upgrade.",2,2024-10-28 18:39:41,"lu7we1n","t1_ltljbkk"
"comment","anzurakizz","Even though you are correct that is a rare exception that probably wont happen again. Ryzen was way underpower on launch, the only advantage they had was cheaper than intel and more cores, but the single core performance was way behind intel. Only when Zen 3 came out (Ryzen 5000), they beat Intel in performance, but they lost the price advantage they had.   Look at Zen 5 (Ryzen 9000). There is zero improvement over Zen 4. Intel had a bigger improvement from Haswell to Skylake than this. I think AMD will stagnate and there won't be that big of an upgrade path like AM4.",1,2024-10-25 12:15:40,"lto6tmm","t1_ltljbkk"
"comment","Nobli85","I don't have to look at Zen 5 because I bought one already. I'll do the exact same thing I did with AM4 on my AM5 board. I went from 7800X3D to 9700X for free because of the stupid high resale of the X3D, and my multicore performance went up 20% in most of the productive applications I use (primarily not gaming). 18.5K CBR23 score to 25K. The improvement isn't shown until you unlock PBO on 7000 and then compare it to unlocked 9000.   Not to mention most info on Zen 5 is still launch day reviews that show virtually zero performance improvement. My 9700X is performing far better than my 7800X3D did, and in single core it outperforms my brother's 7950X by a good margin.  Edit: For clarification, yes I'm aware that X3D has lower clock speed and to compare a part with regular cache and X3D isn't quite fair, but the performance I gained still matters, and windows feels much smoother and snappier on the new CPU for whatever reason.",1,2024-10-25 12:21:16,"lto7mmu","t1_lto6tmm"
"comment","anzurakizz","If it works for you good, but most people will be buying this for gaming, and the performance uplift just isn't there. I have been following the reviews. Hardware Unboxed have tested with multiple windows updates and other potential fixes, and they keep coming to the same conclusion. 99% of the time there is no performance uplift whatsoever.",1,2024-10-25 13:04:07,"ltoe6l1","t1_lto7mmu"
"comment","vaurapung","Do you by chance end up building new everytime a new OS is released.   Right now I've given up on upgrade paths because a new windows OS seems to spell doom on any build using a 5+ year old platform.",3,2024-10-25 04:09:43,"ltmrxz8","t1_ltjjufy"
"comment","talalit","no I'm still on window 10 just as I had for my last PC, I did buy a window key for full price when I built my first PC 10 years ago though lol, but I've used the same key in 3 build since then so it's worth it for me",3,2024-10-25 04:40:11,"ltmvpar","t1_ltmrxz8"
"comment","vaurapung","I've been using my windows 7 key from my 2014 hp desktop for clean installs on my b450.  Gonna use it again on my b650 but not sure what to do with my b450, linux is serviceable but just not as easy to use.  If I put windows back on it then it's not gonna be suitable for running my 3d printers which is my end goal for my b450 computer.",2,2024-10-25 11:16:32,"ltnz245","t1_ltmvpar"
"comment","farmeunit","We used Windows 10 on 2nd-gen Intel machines up until this year.  We have been running Windows 11 on 6th gen processors up until this year.  Only because we got newer, not because of issues.  So range of 6-11 years.",2,2024-10-25 04:29:59,"ltmugui","t1_ltmrxz8"
"comment","midnightpurple280137","4670k runs fine with Win10.",1,2024-10-25 05:35:35,"ltn1y23","t1_ltmrxz8"
"comment","vaurapung","Windows 10 hated my amd 631s on a hp hibiscus mobo.  Windows 7 ran great on it though.  The os itself runs fine on that machine but Windows 10 is missing the bit of code to shut down the psu after shutting down the os, so you have to cold shut off the pc after every shut down to get the fans to stop turning.    Then Windows 10 has issues with gigabyte b450 drivers and somehow messes up the Radeon drivers every time it updates.    Windows 10 has no conflicts with the msi a320 when updating though and Radeon drivers update with a breeze.    Of course the b450 is not Windows 11 compliant though.",1,2024-10-25 11:25:55,"lto07dt","t1_ltn1y23"
"comment","thatissomeBS","Yeah, upgrade path only makes sense if you're the type of person to buy the best newest chip every generation. But also, if you don't mind spending the money for those chips, I can't imagine the motherboard or RAM are what bankrupts you.   Now, it's super nice to have the 5700x3d as a potential upgrade to my 5600, and likely will happen relatively soon, but also I'm not in desperate need and would happily keep what I have for a few more years if there wasn't a surprisingly cheap and very good upgrade available.",-2,2024-10-24 17:39:43,"ltjp2a4","t1_ltjjufy"
"comment","talalit","I gave my old PC to my brother in law and he slapped a 5950x and extra 64gb of ram on it so he could use it as a server, not what I had in my when building my PC but glad it can still be used for a couple more year",6,2024-10-24 19:26:07,"ltkahik","t1_ltjp2a4"
"comment","Appropriate_Earth665","And I could go from a 12th gen i7 to a 14th gen i9 without replacing my mobo or ram. What's your point?",1,2024-10-25 13:48:19,"ltolm0a","t1_ltlm37x"
"comment","Appropriate_Earth665","I like to use actual comparisons with numbers to back up my claims. Not cherry pick comments from reddit. ü§∑ https://technical.city/en/cpu/Core-i7-12700K-vs-Core-i9-14900K",1,2024-10-26 16:28:14,"ltvdk97","t1_ltoodn5"
"comment","PlasticComplexReddit","It's odd isn't it, I have never upgraded a pc so fast that I could ever reuse the same socket, or the same ram, or gpu. There is no ""upgradeability"" or ""future proofing"" with technology. Maybe am4 is an exception but how could anyone know that it will still get decent CPUs years down the line.",2,2024-10-25 07:14:15,"ltnborq","t1_ltj7bq4"
"comment","Appropriate_Earth665","Right, that's what I'm saying. Plus I do have an ""upgrade path"" since I could upgrade to a i9-14900k and see 15-20% increase is performance.",1,2024-10-25 13:50:14,"ltoly6y","t1_ltnborq"
"comment","absurd_nerd_repair","Why the 7800x3d over the 7950x3d?",3,2024-10-24 20:27:05,"ltkmpmo","t1_ltiuezs"
"comment","PoopMuffin","OP asked for a gaming CPU and the 7800x3d is roughly 20% cheaper and equal or faster in games due to the way the 3D cache works.",22,2024-10-24 21:33:18,"ltkzm2h","t1_ltkmpmo"
"comment","Barefoot_Mtn_Boy","Faster...period!",1,2024-10-29 13:38:36,"luchz3f","t1_ltkzm2h"
"comment","True-Device8691","Depends on where you are actually, most of the time I see them either so close in price or the 7950x3d is cheaper",0,2024-10-25 08:18:32,"ltnhiec","t1_ltkzm2h"
"comment","bejito81","never saw the 7950x3d cheaper than the 7800x3d anywhere",1,2024-10-25 10:54:31,"ltnwhgk","t1_ltnhiec"
"comment","True-Device8691","Hence why I said ""depending on where you are""",1,2024-10-25 11:09:09,"ltny6e9","t1_ltnwhgk"
"comment","bejito81","in case you missed the hint, you were supposed to show us where you ever saw that  because dropping stuff is easy, but we need proof of that  btw if you found a place where they are selling the 7800x3d for 600 or more and the 7950x3d is at 590, that doesn't really count as you can just get it from another place way cheaper",1,2024-10-25 13:54:38,"ltomqgu","t1_ltny6e9"
"comment","True-Device8691","People live in different countries, it should be pretty obvious if you've never seen it that I live in a different country.",1,2024-10-25 21:15:01,"ltqzlix","t1_ltomqgu"
"comment","bejito81","I'm in Europe, we check prices all over here  And you still didn't manage to show any proof",1,2024-10-28 21:11:13,"lu8qowd","t1_ltqzlix"
"comment","True-Device8691","And I am not in Europe, so the price is different and it changes often. You're acting like I made some baseless claim, prices and stock fluctuate and its usually either barely any cheaper than the 7950x3d or more expensive meanwhile the price of the 7950x3d is more stable across.",1,2024-10-28 21:52:37,"lu8yonx","t1_lu8qowd"
"comment","bejito81","because you don't need the extra cores for gaming, and you'll get the extra latency issues, heat and cooling with the 7950x3d  now if you need the cores for productivity go for it",4,2024-10-25 10:53:29,"ltnwd5y","t1_ltkmpmo"
"comment","absurd_nerd_repair","Thank you so much!",2,2024-10-25 18:08:57,"ltq051n","t1_ltnwd5y"
"comment","m4tic","7950x3d is 8 3d vcache cores when gaming  7800x3d is 8 3d vcache cores when gaming",3,2024-10-25 00:45:50,"ltlwew2","t1_ltkmpmo"
"comment","absurd_nerd_repair","Thank you so much.",2,2024-10-25 18:02:14,"ltpythg","t1_ltlwew2"
"comment","Glittering-Fan-9861","Could I ask perhaps why we are skipping over 7700, 7700x as options?",2,2024-10-25 09:16:33,"ltnmqoe","t1_ltiuezs"
"comment","rizzzeh","doesnt give  much over 7600 so poor value. If you want to spend premium money on CPU then you should be pushing up to 7800x3D - significant performance difference starts there",1,2024-10-25 10:46:50,"ltnvmaq","t1_ltnmqoe"
"comment","mark_chambers246","Sorry if I‚Äôm mistaken btw but you said a 12400f? I‚Äôm guessing you mean an i5 one and I recently got into pc gaming a month ago and bought a prebuilt from a guy who set everything up for me that‚Äôs why I went prebuilt but I‚Äôve that‚Äôs cpu and I‚Äôve been told by many people it‚Äôs a bad cpu, is it good because I was thinking of it being the first thing I upgraded",1,2024-10-24 16:14:06,"ltj7qai","t1_ltiuezs"
"comment","changen","&gt; 12400f  it's not bad at all for the price. If you want entry level gaming for cheap, it's perfectly fine.  Would I throw a 4080 or 4090 on there to play at 300+ fps for esport games? probably not. The 7800x3d would be a better pairing.   Could it handle the 4080 or 4090 in single player games? Probably. You are gonna run into cpu bottlenecks in certain games, but it should be fine for everything.",8,2024-10-24 16:51:45,"ltjfaws","t1_ltj7qai"
"comment","mark_chambers246","I‚Äôve a 4060 with the build also and I was thinking about getting a 4070 in January or so because I‚Äôm excited to get building on it would you say that‚Äôs smart to do or should I upgrade the cpu too if I‚Äôm doing that? Thanks for the reply reddits been very handy for learning these things because a lot of videos just give yes and no answers they don‚Äôt explain it as well as someone you‚Äôre talking to",1,2024-10-24 16:56:29,"ltjg9zu","t1_ltjfaws"
"comment","changen","depends on the games you are playing.  If you are playing esport games where you goal is as high of a fps you can get, the cpu upgrade might be needed. If it's more about getting a better experience with a resolution increase or in game setting increase, the cpu upgrade is not needed.  I wouldn't personally upgrade the cpu unless you NEED it or it's mega unbalanced.  I had a 4790k paired with a 3080. The GPU was around 50% utilization in Warzone, so I was forced to upgrade my cpu. If you don't have an issue hitting 90%+ GPU utilization, then the cpu is fine.",1,2024-10-24 17:03:48,"ltjhrcd","t1_ltjg9zu"
"comment","mark_chambers246","I‚Äôll get a new gpu then because its for better resolution and settings cos i play most single player games and im not serious into multiplayer I only play with my friends and above 60 is enough for me, 4060 is good but with bigger single player games its either 1440p medium/low settings usually or 1080p and I just don‚Äôt like how 1080 looks. I‚Äôm not very good at optimising settings though so I‚Äôd say I‚Äôm hampering myself there to until i learn a bit more",1,2024-10-24 17:08:46,"ltjirly","t1_ltjhrcd"
"comment","FunCalligrapher3979","4060 to 4070 is not really a good move. If you are waiting until January/February makes more sense to get the 5070.",2,2024-10-25 09:47:50,"ltnpmmg","t1_ltjirly"
"comment","mark_chambers246","I might just wait till next year when the bigger games are out because that‚Äôs what I‚Äôm most worried about is how will monster hunter, crimson dawn and games like that run with my setup, I‚Äôm in Ireland and prices are literally ridiculous for everything like a 3080 is ‚Ç¨500+ so I‚Äôll probably have to look at buying it in another country and getting it shipped",1,2024-10-29 10:18:32,"lubqx65","t1_lubcmtm"
"comment","kaje","Are you doing work with the PC that can utilize a 16 core CPU?  Only half of the cores, 8 of them, on the 7950X3D have access to the 3D V-Cache.  The other 8 are parked while gaming.  The 7800X3D with all 8 of its cores getting the cache performs the same in games.  The 9800X3D is releasing in like 2 weeks though and is compatible with the same mobos.",58,2024-10-24 15:02:54,"ltitkop","t3_1gb4mk9"
"comment","_Rah","They actually arent parked. They just arent prioritized. When you are running stuff in the background that makes use of the CPU, its not gonna leave those cores underutilised and affect your game. You can still use as many or as little cores as you want while gaming.  This is especially useful when you might have VMs in the background.",33,2024-10-24 15:55:47,"ltj435r","t1_ltitkop"
"comment","FunBuilding2707","&gt;This is especially useful when you might have VMs in the background.  Yes, we all regularly run VMs while playing games.",14,2024-10-24 19:34:40,"ltkc6y6","t1_ltj435r"
"comment","cheeseybacon11","Well some of us have friends to game with. Is there another way to play multiplayer games other than to set up 3 VMs they can remote into and virtualize your gpu so you can all game together off just your beefy gaming rig?",3,2024-10-24 21:44:38,"ltl1pqe","t1_ltkc6y6"
"comment","_Rah","I didn't imply that. I just said that as an example.¬†   You might be running multiple game clients, which isn't uncommon in mmo games. You might be running game servers. Hell, you might be doing actual work that you don't want to quit just because a friend invited you for a game.¬†",4,2024-10-25 01:51:02,"ltm74es","t1_ltkc6y6"
"comment","dsinsti","Yeahh porno stuff",3,2024-10-24 21:00:25,"ltktda3","t1_ltkc6y6"
"comment","rory888","No, the 7800x3D performs better in practice. 7950x3D only theoretically performs as well or better by people on copium.   Still not at all a bad deal, but we're only a few weeks out from the next information update. . . . but I seriously doubt its hard releasing that soon.",-20,2024-10-24 16:18:09,"ltj8jay","t1_ltitkop"
"comment","cyberfrog777","7800x3d is best for gaming, but the 9800x3d are about be be released. For microcenter, they have an exclusive deal for 7600x3d cpu which are pretty good , and you can probably get a solid bundle that includes it",31,2024-10-24 15:17:39,"ltiwfwx","t3_1gb4mk9"
"comment","FeralShitter","I've also been thinking about getting the 7800x3d, but I'm still holding off, since the 9800x3d is about to release and I'm waiting to see if the price is gonna drop. Will it drop in price you think?",3,2024-10-24 15:23:00,"ltixhvs","t1_ltiwfwx"
"comment","Logical_Strain_6165","Maybe. It's price is overinflated at the moment. I wouldn't expect huge discounts though.",9,2024-10-24 15:36:22,"ltj05sj","t1_ltixhvs"
"comment","rory888","Doubt. Supply is constrained and we don't know how the market will respond to the 9800x3D. It might be overpriced for performance and supply might get even MORE constrained, not less.",5,2024-10-24 16:19:13,"ltj8qv2","t1_ltixhvs"
"comment","ClickKlockTickTock","Yezzir. Everyones expecting it to be huge, and AMD hasn't flopped as hard as intels been doing since like the Zen1 days, but it's entirely possible they aren't entirely improved for a generation because of how hard Intel is consistently dropping the ball back to back to back.  I think its more likely we will see improvements but its really anyones guess.  And if that has an affect on the price? Doubtful",1,2024-10-27 19:36:12,"lu24j16","t1_ltj8qv2"
"comment","DarkflowNZ","I think it also depends on the performance increase for the 9800x3d. If it's not much better or, god forbid, the same or worse, the price might not fall at all. However having just googled it as I wasn't sure, it appears some benchmarks leaked very recently and it may be a decent bit faster",1,2024-10-24 21:55:32,"ltl3obr","t1_ltixhvs"
"comment","Ouaouaron","The price of the 7800x3d has been steadily climbing lately. There's a good chance this means that there isn't much supply. The 7800x3d might cost *more* than a 9800x3d, in the way you sometimes see with components that aren't being made anymore.  The 9800x3d will probably be similar in performance to the 7800x3d (unless you emulate PS3), and be priced similar to the $450 MSRP.",1,2024-10-24 22:47:48,"ltlcogf","t1_ltixhvs"
"comment","greggm2000","Yes, but it‚Äôs an open question how long it will take. If there‚Äôs lots of supply of the 9800X3D when it launches in a couple weeks, then not long. If there‚Äôs tight supply right after launch, it‚Äôll take longer. Time your buy accordingly.",1,2024-10-25 04:16:13,"ltmsrnx","t1_ltixhvs"
"comment","farmeunit","7800X3D definitely won't drop and wouldn't expect the 9800X3D to for quite a while.  I wouldn't bother waiting.  Shouldn't be a drastic jump.  9xxx has been pretty disappointing overall.",0,2024-10-24 16:13:52,"ltj7okm","t1_ltixhvs"
"comment","kabob95","The 7800X3D is currently $150-200 more than it has been for its entire life up until recently. Even if the 9800X3D isn't massively better, it will be cheaper even at launch than the 7800X3D is currently.",3,2024-10-24 19:21:04,"ltk9h9h","t1_ltj7okm"
"comment","farmeunit","I haven't looked at prices.  They're talking 8% increase in performance.  I can buy a 7800X3D on right now at Walmart for $400.  Other places for $476.  Why wait on an 8% increase when we don't even know availability or price?",0,2024-10-24 19:41:34,"ltkdky7","t1_ltk9h9h"
"comment","kabob95","Where are you seeing $400? Because I'm only seeing $470+ which for a CPU that has been $350 max for most of its time out seems a bit high.",1,2024-10-24 19:45:54,"ltkeggh","t1_ltkdky7"
"comment","farmeunit","https://photos.app.goo.gl/MwRr1odCxpGpZxz2A  I agree it's high but MSRP for 9800X3D is supposed to be $500 and add a low supply tax, it could be higher.  I am just saying I personally wouldn't wait because it's only 8% gain, and we already saw the Non-X3D so it just isn't something I think is a huge difference.  I would get what I want when I can.  I don't get into the FOMO thing with CPUs.  Just not a huge gain.",1,2024-10-24 19:58:39,"ltkh0kl","t1_ltkeggh"
"comment","kabob95","Fair, if the MSRP for the 9800X3D is truly $500 then it makes sense to just buy.",2,2024-10-24 20:03:13,"ltkhxh3","t1_ltkh0kl"
"comment","farmeunit","It's actually $286, assuming limited time. Found on Scattervolts YouTube channel.   I just found this on AliExpress:  $572.19 | Top AMD Ryzen 7 7800X3D CPU, R7 7800X3D, 5.0GHz, 8-Core,16-Thread,5NM,96M,100-100000910 Socket AM5 New Tray Without Cooler https://a.aliexpress.com/_mOI1KNq",1,2024-10-25 01:59:20,"ltm8ggc","t1_ltkeggh"
"comment","greggm2000","All we have rn (Oct 24) is rumors, which may or may not be true. Wait the 2 weeks for the release November 7, and based on the independent reviews and price, act accordingly.",1,2024-10-25 04:18:03,"ltmszxx","t1_ltkdky7"
"comment","changen","Leaks already occurred for the performance increase from the 7800x3d to 9800x3d. 8%...for cherry picked AMD selected titles.   Is it worth wait to you?",-3,2024-10-24 16:54:19,"ltjfu06","t1_ltiwfwx"
"comment","[deleted]","In synthetic tests the difference between 7800x3d and i5-12400F is 150%, but 500% in price.   That Ryzen 7800x3d is on overpriced shit for nolifers to flex whose only achievement in life seems to be assembling a ridiculously overpriced PC that's only marginally better than a $1000 machine.",-12,2024-10-24 15:46:43,"ltj28jf","t1_ltiwfwx"
"comment","[deleted]","Found UserBenchmarks reddit.",16,2024-10-24 16:00:56,"ltj5442","t1_ltj28jf"
"comment","BIKF","If the number of choices is overwhelming, you can start with summarily dismissing all 13th/14th gen Intel to narrow it down a bit. Nobody knows what the longevity of those CPUs will be with the new microcode. It took many months to understand the scope of the problem in the first place, and it will take many months until we know if the degradation is properly mitigated now.  Think of it this way: If you get a 13th or 14th gen Intel, every time your computer crashes (for any reason) you will wonder if it is the degradation problem, and if you messed up by choosing the wrong CPU.",24,2024-10-24 15:47:56,"ltj2hey","t3_1gb4mk9"
"comment","nivlark","If you will only be gaming, you're overspending on the CPU and motherboard.  If you haven't picked a GPU yet, do that first. If you decide on a 4080, 4090, or 7900XTX, then it's worth going for the 7800X3D or 9800X3D. If you picked anything slower, then you'll mostly be GPU limited, so a 7500f/7600/7700 would all do the trick. For Intel equivalents, wait and see what the reviews for 15th gen actually say rather than relying on rumours.",11,2024-10-24 15:27:55,"ltiyh2a","t3_1gb4mk9"
"comment","wetterburrito","Why are the X3D chips better suited for the 4080/4090?",2,2024-10-24 16:42:22,"ltjde0h","t1_ltiyh2a"
"comment","changen","less cpu bottlenecks. If you are cpu bottlenecked, your gpu isn't working at 100%, so it's a waste of money to buy a powerful gpu.",10,2024-10-24 16:56:53,"ltjgcvx","t1_ltjde0h"
"comment","nivlark","As I said:  &gt;If you picked anything slower, then you'll mostly be GPU limited  In other words, you need a high-end CPU to get the most out of a high-end GPU, but as soon as you drop down the GPU stack a bit, it's much less critical.  Maybe my previous advice was a bit too simplistic, as there are some games that *really* like the extra cache on the X3D CPUs even with a less powerful GPU. But the point was to steer the OP away from the common mistake of spending too much on a high core-count CPU, which in general has little benefit in games.",7,2024-10-24 17:22:54,"ltjlmp8","t1_ltjde0h"
"comment","PocketSizeDemons","What about 4070ti super‚Ä¶going to be running 1440 p‚Ä¶is the 7800x3d still appropriate?",2,2024-10-24 20:49:01,"ltkr3cz","t1_ltiyh2a"
"comment","thewind21","7600 is more than enough",2,2024-10-25 04:54:33,"ltmxenk","t1_ltkr3cz"
"comment","Prestigious_Nobody45","I‚Äôm cpu bottlenecked at the moment (large scale battles on throne and liberty) with a 12700k and 3080ti. Should I wait for a 9800x3d and buy a mobo bundle?  Also it may not be relevant but I‚Äôve got 64gb ddr4 and I‚Äôm not sure if it‚Äôs handicapping me at all. Appreciate any advice!",1,2024-10-27 20:16:58,"lu2cr5y","t1_ltiyh2a"
"comment","Confident_Hyena2506","Are you really gonna buy an Intel cpu after all the recent news?   It's not just somebodies opinion that they are ""bad"" now - it's an official thing!",11,2024-10-24 15:35:00,"ltizvvt","t3_1gb4mk9"
"comment","geniuslogitech","there are like 5 relevant CPUs right now, 5700x3d, 7800x3d, 7900x, 9900x, 9950x and soon 9800x3d",9,2024-10-24 15:35:41,"ltj00xv","t3_1gb4mk9"
"comment","[deleted]","If the 5700x3d is there the 7500f should definitely be there as a budget option.",12,2024-10-24 15:56:14,"ltj46hd","t1_ltj00xv"
"comment","cheeseybacon11","For a new build, is the 5700x3D better than a 7600x3D?",2,2024-10-24 21:46:28,"ltl21w5","t1_ltj00xv"
"comment","Ouaouaron","From what I can tell, the 7600x3d is slightly better than 5800x3d (and therefore 5700x3d) from a performance standpoint. Only you can know what the prices are like near you, and whether you care about the possibility of a drop-in CPU replacement in the future.",3,2024-10-24 22:55:39,"ltle0nj","t1_ltl21w5"
"comment","geniuslogitech","about same but comparable 7600x3d build going to cost almost 50% more, unless you are getting 7800x3d am5 is still too expensive, both motherboards and DDR5 RAM",1,2024-10-25 07:15:47,"ltnbtsv","t1_ltl21w5"
"comment","Jbarney3699","12th gen is relevant in the budget range‚Ä¶ but Intel chips past that are irrelevant and shouldn‚Äôt be risked on. Once we know 15th gen has been absolved of manufacturing issues then it is even an option.",-1,2024-10-24 19:36:32,"ltkckb8","t1_ltj00xv"
"comment","geniuslogitech","how is 12th gen relevant with 5700x3d costing $300 for a whole build with 32GB RAM and a mobo, you need 350-400 for i5 build with worse performance",0,2024-10-25 07:17:08,"ltnbyc3","t1_ltkckb8"
"comment","[deleted]","I bought an i9-12900k from microcenter with their bundle. It looked like an excellent price/performance combo.",7,2024-10-24 15:19:30,"ltiwt2l","t3_1gb4mk9"
"comment","Silver_Scalez","I just put mine together last night with a 4070 super and it is awesome.",5,2024-10-24 16:10:20,"ltj6z3u","t1_ltiwt2l"
"comment","[deleted]","That was my original thought but I think I'm going 7900 gre",2,2024-10-24 16:11:55,"ltj7agl","t1_ltj6z3u"
"comment","Appropriate_Earth665","Definitely a solid choice.",2,2024-10-24 16:14:06,"ltj7q92","t1_ltiwt2l"
"comment","[deleted]","Let's simplify big time There are 2 CPUs I currently recommend for gaming:¬†¬†   1) the 7600/x (because it is good enough for most people, and it is cheap). This is a good choice if you're happy with 60 FPS (or a little more, but probably not 120) in AAA games and higher in competitive games.¬†   2) the 7800X3D, because it is currently the best gaming CPU on the market. This is a good choice if you are willing to spend more for higher FPS, if you play very cpu-intensive games, or you care a lot about 1% lows.¬† Or if you are buying a very high-end GPU like a 4080s/4090.     All the other AMD 7000 CPUs fall inbetween those, and they are fine. All 7000 series CPUs will have a good upgrade path. If you can get, say, a 7700x in a Microcenter bundle for cheaper than a 7600, go for it. Probably once the 9800X3D releases in a couple weeks, it will join this list.",6,2024-10-24 16:34:33,"ltjbt31","t3_1gb4mk9"
"comment","thatissomeBS","My 5600 doesn't go below 60fps in literally any game I've played on it ever. It does 90-120 for most single player games, and above that for shooters or sports titles. And from what I can see the 7600 is an animal compared to the 5600.   To me it's the 5700x3d if you're still on AM4, the 7600 for very good performance (120+ for most applications), and the 7800x3d for elite performance.",5,2024-10-24 17:47:13,"ltjqlkz","t1_ltjbt31"
"comment","[deleted]","That's fair--I haven't run a 7600 myself (I bought a 7800x3d even though I knew it was overkill, because I felt spendy).   And yeah, if you are on AM4 already, the 5700X3D is a great choice. I figured OP was probably starting from scratch.",1,2024-10-24 19:58:45,"ltkh1es","t1_ltjqlkz"
"comment","thatissomeBS","I know this is unpopular opinion around here, but I think even if you're starting from scratch on a mid-range build, the 5700x3D isn't a bad platform to build. A 5700x3D with a decent board and 32gb of decent RAM can be had for $300, which is about $100 less than a similar setup with the 7600. There are a lot of things that make the 7600 setup worth that extra $100, but also spending that extra $100 on the GPU can get you a 7800xt instead of 7700xt. So would you rather have a 5700x3D with a 7800xt, or a 7600 with a 7700xt?",2,2024-10-24 23:59:41,"ltlosaa","t1_ltkh1es"
"comment","[deleted]","It's a good option. I just think that having an easier upgrade path is worth the extra cost personally. You are likely buying yourself another system refresh in 3-4 years for that $100. Depends on budget for sure, though.",1,2024-10-25 11:54:20,"lto3ut1","t1_ltlosaa"
"comment","Prestigious_Nobody45","Which cpu would be a good match for the 3080ti? My cpu (12700k) struggles on throne and liberty in the large scale battles.",1,2024-10-27 20:20:20,"lu2dfla","t1_ltjbt31"
"comment","joeh4384","I would just go with the $429 9700x bundle and spend more money on the GPU.",5,2024-10-24 15:55:10,"ltj3yip","t3_1gb4mk9"
"comment","MichaelSkarn44","I got that same 7950x3d bundle from microcenter and with the 4080 super it has been an absolute UNIT",4,2024-10-24 16:14:59,"ltj7wly","t3_1gb4mk9"
"comment","PocketSizeDemons","Have you had any issues with the MSI X670 mobo that it comes with? I‚Äôve been looking at this combo.",3,2024-10-24 20:54:51,"ltks96o","t1_ltj7wly"
"comment","MichaelSkarn44","Only issue with the mobo is it didn‚Äôt pick up WiFi when I first turned it on, I haven‚Äôt even checked further into that bc I been using Ethernet but will update",3,2024-10-24 21:00:42,"ltktf8q","t1_ltks96o"
"comment","Malcorin","Same bundle, same situation with wifi. Was really annoying as it was my first Win11 install and it required internet to complete. The machine is a beast though; I've put it through its paces.",2,2024-10-25 04:17:40,"ltmsy6s","t1_ltktf8q"
"comment","Patatostrike","If your just gaming and aren't at a very low budget there isn't really any reason to go Intel, I would wait for the 9800X3D but what's your budget?",3,2024-10-24 15:05:06,"ltitzw5","t3_1gb4mk9"
"comment","Ripe-Avocado-12","AM5 socket has been guaranteed support till 2027 by AMD. The chipset might be ""older"" but it will still be compatible with newer chips. Intel has flat out refused to comment on the life span of the new socket and has a reputation of generally 2 generations max (3 if you count 13/14th gen which were pretty much identical so still technically only 2).     If you're just gaming, the 7950x3d doesn't really do you too many favors. The 7800x3d or upcoming 9800x3d are what you should be eyeing, although that does seem like a pretty solid combo deal so not saying rule it out. Just don't feel like you need that chip because it's more expensive.",4,2024-10-24 17:10:50,"ltjj6qq","t3_1gb4mk9"
"comment","[deleted]","7800x3d is the best gaming CPU you can buy right now. Nobody knows if 9800x3d will be better or not. 7950x3d isn't bad, only if you can't find 7800x3d, and just ignore the 7900x3d, it doesn't exist.",2,2024-10-24 15:19:31,"ltiwt80","t3_1gb4mk9"
"comment","opensrcdev","I'm a huge fan of the 16-core CPUs. I'm still running the 3950X, and it flies. If I were you, I would save a ton of money and grab some older generation hardware. Spending $730 on a CPU that you can (very roughly) get the performance of for $200-300 seems crazy. I actually upgraded from the 3900X (12 cores) to the 3950X (16 cores), and got it used on eBay for $200. I had no reason to move up to a newer generation, because the 3000 series still performs so well.  Not sure where you're at with GPUs, but I would pair up a 16-core CPU with an NVIDIA GeForce RTX 4070 Ti SUPER or the RTX 4080 SUPER. Both are crazy fast, efficient, support advanced features like DLSS, DLDSR, Ray Tracing, dual AV1 hardware encoders, and so on.",2,2024-10-24 15:38:59,"ltj0ofe","t3_1gb4mk9"
"comment","SuccessfulAgent5279","You mentioned micro center which can't be beat for their CPU bundles. The 7600x3d is a fantastic chip that MC has a great bundle on. As some others pointed out the 9800x3d will be coming out in November if you're looking for the ""latest and greatest"" for your build. The 7800x3d is also amazing if your local MC has it in stock, but I think I'd wait on the 9800x3d if you are going that route.",2,2024-10-24 18:27:55,"ltjyui7","t3_1gb4mk9"
"comment","EnigmaSpore","Go with AMD.   Intel 13/14 gen has quality issues  Arrow Lake is less in gaming than 13/14  So go with AMD. They‚Äôre the top gaming cpu right now with the 7800x3d and the 9800x3d is coming out in nov.   Grab a 7800x3d or 9800x3D bundle from microcenter next month and call it a day.  AM5 socket has more life in it still. It‚Äôs not obsolete.   Dont bother getting any ‚Äú9‚Äù class cpu. Those are for production work with extra cores for that. You need a gaming cpu. So grab an 8 core amd cpu and spend the rest of your budget on a gpu. Also. Dont overspend on a motherboard. Good luck.",2,2024-10-24 21:19:57,"ltkx3qo","t3_1gb4mk9"
"comment","giorgilli","Do not get intel lol",2,2024-10-25 00:02:47,"ltlpaww","t3_1gb4mk9"
"comment","SuchSpecialist2917","Be careful with intels claim about gaming. Since they don't have multi threading anymore, they have compared it AMD without multi threading.",1,2024-10-24 15:15:38,"ltiw1ot","t3_1gb4mk9"
"comment","[deleted]","That depends on your budget. How much are you willing to spend on a CPU?",1,2024-10-24 15:47:32,"ltj2ejw","t3_1gb4mk9"
"comment","wetterburrito","I got a 7700x, mb, and RAM combo from microcenter 2 weeks ago for $350. The X3D chips are really nice if it fits into your budget, but I felt like I didn't really need it. I figure instead of paying an extra $200 plus to get an X3D chip, I should put that cash into a really nice video card. I upgraded from an i7 8700k and all I gotta say is don't worry about moving to AMD, it's essentially all the same. Cheers, and good luck!",1,2024-10-24 16:40:18,"ltjcyxv","t3_1gb4mk9"
"comment","Long-Patient604","Get an MSI B650 GAMING PLUS WIFI, Slap an r5 7600 inside it, upgrade to an 9800x3d when you feel like the r5 is holding you back.",1,2024-10-24 17:17:55,"ltjkmcw","t3_1gb4mk9"
"comment","hasibrock","Just buy Ryzen 7 whichever you can find",1,2024-10-24 18:23:37,"ltjxz0k","t3_1gb4mk9"
"comment","Mrcod1997","What gpu are you pairing with it? Honestly, even a 7600 is plenty of cpu for most people.",1,2024-10-24 18:58:23,"ltk4xza","t3_1gb4mk9"
"comment","Jbarney3699","Would recommend the swap to AMD. Intel next series looks to be more of a stabilization release than a performance gain release, and they were around even before. Now AMD has the edge in performance AND reliability, given Intel defects. Power efficiency on top of that‚Ä¶  The X3D chips are the best gaming chips on the market and there‚Äôs no real competition form Intel besides in the budget range.   AMD is hot right now. I would make the switch and go AM5, and either purchase a 7800x3d or the 9800x3d.",1,2024-10-24 19:33:58,"ltkc1z0","t3_1gb4mk9"
"comment","Imowf4ces","If you live near a micro center definitely check out the 7600x3d I plan to drive to one, it‚Äôs a bit of a drive but I don‚Äôt mind road trips. This all depends on the 9800x3d price/performance. Still 7600x3d or the 7800x3d are worth considering since i don‚Äôt think current games aren‚Äôt really taxing those cpus. Deep value in a 5800x3d but that‚Äôs on an old socket and I believe on dd4 ram.",1,2024-10-24 20:22:50,"ltklv6s","t3_1gb4mk9"
"comment","dsinsti","Was going to upgrade to arrow lake core 7 from my i7 6700K, really looking forward to it. But as this seems to be a flop, and the 98003XD  seems little to no upgrade, I'm seriously considering to skip it until next year or two. Prices and flaws just are a total letdown",1,2024-10-24 21:05:04,"ltku9g6","t3_1gb4mk9"
"comment","ConsistencyWelder","&gt; and the 98003XD seems little to no upgrade  Huh? It would be a massive upgrade from a 6700k.  Even from a 7800X3D it's likely to offer 10% better gaming performance and between 20 and 30% better productivity performance.",1,2024-10-25 05:14:45,"ltmzoob","t1_ltku9g6"
"comment","CarAfraid298","This is crazy small given the cost and how old a 6700k is. It seems like unless you're a burn your money enthusiast like many yearly upgraders, this doesn't make sense¬†",1,2024-10-25 09:14:35,"ltnmkah","t1_ltmzoob"
"comment","cheeseybacon11","AM5 should get another generation.",1,2024-10-24 21:41:36,"ltl15sm","t3_1gb4mk9"
"comment","ConsistencyWelder","At least one yeah. They promised support until at least 2027, which should cover Zen 6 and they're probably going to produce a fuckton of CPU's for that generation, like they did for AM4 and the 5000 series.",1,2024-10-25 05:12:29,"ltmzfga","t1_ltl15sm"
"comment","jacob1342","I've been in with Intel for a some time - 7700K, 10700K but now switched to 7800X3D and I don't complain about anything. Paired with 4090 this combination is unstoppable in any game.",1,2024-10-25 00:08:03,"ltlq6de","t3_1gb4mk9"
"comment","Liesthroughisteeth","&gt;Would I be again be buying something on the cusp of obsolescence?  This is where we are most of the time. Before the 13th gen Intels were released to the public, I bought an i7-13700K and waited 2 months for them to be released. Not long after I had built my new gaming PC the 5800X3D came out....:P",1,2024-10-25 00:37:15,"ltlv059","t3_1gb4mk9"
"comment","wooq","I'll narrow it down.   For gaming there's no CPU to buy other than amd x3d series. Doesn't matter which one.   GPU, if you want full fat raytracing, minimum 4070 super, 4080 super ideal.  If you don't care about raytracing, AMD has better performance for the dollar.   Don't overspend. The priciest parts with the biggest numbers are not necessarily the best gaming parts.",1,2024-10-25 03:42:42,"ltmod9e","t3_1gb4mk9"
"comment","[deleted]","7800x3d is all you need.",1,2024-10-25 04:34:29,"ltmv0cl","t3_1gb4mk9"
"comment","GeT_EmBaRRaSSeD","7800x3d",1,2024-10-25 06:10:13,"ltn5iuq","t3_1gb4mk9"
"comment","hmrchan","AM5 is the platform for now",1,2024-10-25 09:14:28,"ltnmjx3","t3_1gb4mk9"
"comment","damien24101982","dont go intel, x3d is da wae",1,2024-10-25 10:28:58,"ltntpn5","t3_1gb4mk9"
"comment","bejito81","intel has huge quality issues right now  you do NOT need a 700$ CPU for gaming, these 16 cores 32 threads CPU aren't useful for gaming  so for gaming the king right now is the 7800x3d (which will probably be replaced by 9800x3d next month or so)  you don't either need a x670 MB, b650 are fine for most users (now if you want to spend away because you don't care)  for ram 6000MT (or 6200MT) with low timings (CL30 or so) is what you want for AMD (you should be able to get 32GB CL 30 6000MT for a bit more than 100$)",1,2024-10-25 10:52:08,"ltnw7mk","t3_1gb4mk9"
"comment","T0psp1n","It's just not the time for Intel. They screw up and are not changing their direction.  Once you realize AMD is the way to go for CPU there are plenty of resources to choose the right CPU/GPU combo according to screen resolution and budget.",1,2024-10-26 07:57:39,"ltthzqv","t3_1gb4mk9"
"comment","BluDYT","You shouldn't be. 5700x3d for AM4 users, 7800x3d and if you can wait a bit 9800x3d for gamers and that's it. If you need both work and gaming the 13900k might make sense assuming you trust Intel actually fixed their issues but I'd stay away from Intel for awhile at least personally.",1,2024-10-28 12:33:07,"lu5zdqc","t3_1gb4mk9"
"comment","yuyu_megumin","What if the 14600kf bundle is the same price as r7600x/7700 at my place.¬† For non 4k gaming, not going to OC. Which is the better deal? Future upgrade path not a consideration. Will change to new platform 5-6yrs later¬† .. 14600kf for the higher base clock better?",1,2024-11-05 11:08:31,"lvi5x9t","t3_1gb4mk9"
